Topics,Methods
admet,bioinformatics
aerosols,cg
agriculture and food,cheminformatics
amyloid,dft
analytical,docking
atmospheric,experiment
big data,homology modelling
biological and biochemistry,lattice boltzmann
biomarkers,machine learning
biomaterial,markov model
biomolecular folding,mathematics
biomolecular material,md
biomolecular switches,mm
biotechnology,modelling
brain,monte carlo
cancer,multiscale
carbohydrates,pharmacophore
catalysis,python
charge transfer,qm
chemical bonding,qm md
chemical engineering,qm/mm
clean water,quantum monte carlo
climate and environment,raman
clusters,reaxff
condense phase,semiempirical
conformations,stat. mech. and thermo.
crystals,stochastic
databases,synthesis
diseases,time-dependent dft
dna and rna,
drug discovery,
electronic structure,
energy and fuel,
energy decomposition,
enhanced sampling,
environment,
enzymes,
excited states,
flavors and scents,
fluids,
forensics,
free energy,
food,
force fields,
gas phase,
geochemistry,
gpcr,
gpu,
green chemistry,
hydrogen bond,
inorganic,
interfaces,
ionic liquids,
ions,
kinetics,
lipids,
liquid phase,
macromolecules,
materials,
medicinal,
membrane proteins,
metals,
molecular energies,
molecular properties,
nanochemistry,
"nanomaterials, nanoparticles and nanotechnology",
nanotubes,
natural products,
networks,
nmr,
nonadiabatic,
nonbonded interactions,
nonequilibrium,
nuclear,
nucleation,
optimization,
organic,
"paint, pigments and inks",
pharmaceutical,
phase changes,
photochemistry,
polarizability,
pollution,
polymers,
proteins and peptides,
quantum dots,
radicals,
radioactivity,
rare events,
reactions,
recycling,
redox,
semiconductors,
sensors,
similarity,
small molecules,
software and methods devel.,
solid phase,
solution phase,
solvation,
solvents,
space,
spectroscopy,
stem,
sustainability,
synthesis,
textiles,
viruses,
waste and recycling,
water,
zwitterions,
